City_ID,City,Lat,Lng,Max Temp,Humidity,Cloudiness,Wind Speed,Country,Date,Description
0,Bermeo,43.4209,-2.7215,48.0,100,20,2.3,ES,2021-01-18 01:15:29,few clouds
1,Avarua,-21.2078,-159.775,86.0,62,100,8.05,CK,2021-01-18 01:15:29,overcast clouds
2,Muhororo,0.9381,30.7594,63.46,56,82,1.61,UG,2021-01-18 01:15:29,broken clouds
3,Qaanaaq,77.484,-69.3632,-3.05,74,0,6.13,GL,2021-01-18 01:15:29,clear sky
4,La Pintada,5.7487,-75.6063,60.8,100,75,2.3,CO,2021-01-18 01:15:29,broken clouds
5,Rikitea,-23.1203,-134.9692,78.93,74,0,12.19,PF,2021-01-18 01:15:29,clear sky
6,Yellowknife,62.456,-114.3525,1.4,85,90,8.05,CA,2021-01-18 01:15:29,light snow
7,New Norfolk,-42.7826,147.0587,64.99,70,100,4.0,AU,2021-01-18 01:15:30,overcast clouds
8,Mataura,-46.1927,168.8643,60.01,57,100,5.99,NZ,2021-01-18 01:15:30,moderate rain
9,Bredasdorp,-34.5322,20.0403,64.4,88,16,5.75,ZA,2021-01-18 01:15:30,few clouds
10,Porbandar,21.6422,69.6093,63.12,59,0,7.63,IN,2021-01-18 01:15:30,clear sky
11,The Valley,18.217,-63.0578,78.8,78,75,9.22,AI,2021-01-18 01:15:30,broken clouds
12,Tuktoyaktuk,69.4541,-133.0374,-4.0,84,75,11.5,CA,2021-01-18 01:15:30,broken clouds
13,Surt,31.2089,16.5887,55.42,68,5,18.43,LY,2021-01-18 01:15:30,clear sky
14,Punta Arenas,-53.15,-70.9167,53.6,66,0,31.07,CL,2021-01-18 01:15:30,clear sky
15,Fairbanks,64.8378,-147.7164,3.2,92,1,2.26,US,2021-01-18 01:15:18,clear sky
16,Kahului,20.8947,-156.47,75.2,83,75,4.61,US,2021-01-18 01:15:30,moderate rain
17,Jamestown,42.097,-79.2353,32.0,93,90,11.5,US,2021-01-18 01:15:31,light snow
18,Haines Junction,60.7522,-137.5108,35.6,69,29,4.61,CA,2021-01-18 01:15:31,moderate rain
19,Kapaa,22.0752,-159.319,80.6,65,75,17.27,US,2021-01-18 01:15:31,light rain
20,Adeje,28.1227,-16.726,61.0,63,20,11.5,ES,2021-01-18 01:11:41,few clouds
21,Esperance,-33.8667,121.9,68.0,60,0,12.66,AU,2021-01-18 01:11:09,clear sky
22,Acarau,-2.8856,-40.12,80.2,78,100,12.95,BR,2021-01-18 01:15:31,overcast clouds
23,Airai,-8.9266,125.4092,64.15,100,100,1.48,TL,2021-01-18 01:15:31,overcast clouds
24,Kishtwar,33.3167,75.7667,38.93,59,0,4.72,IN,2021-01-18 01:15:31,clear sky
25,Saint-Philippe,-21.3585,55.7679,77.0,69,0,4.61,RE,2021-01-18 01:12:15,light rain
26,Ladario,-19.0047,-57.6017,75.87,94,100,2.26,BR,2021-01-18 01:12:19,heavy intensity rain
27,Porangatu,-13.4408,-49.1486,72.09,89,100,2.77,BR,2021-01-18 01:15:32,overcast clouds
28,Sola,-13.8833,167.55,89.6,74,75,6.91,VU,2021-01-18 01:13:01,broken clouds
29,Ilulissat,69.2167,-51.1,19.4,86,75,11.5,GL,2021-01-18 01:15:32,light snow
30,Mildura,-34.2,142.15,73.4,25,0,8.05,AU,2021-01-18 01:14:14,clear sky
31,Pecos,31.4229,-103.4932,51.8,30,1,8.05,US,2021-01-18 01:15:32,clear sky
32,Ahipara,-35.1667,173.1667,68.94,54,4,10.38,NZ,2021-01-18 01:15:32,clear sky
33,Vaini,-21.2,-175.2,87.8,74,75,11.5,TO,2021-01-18 01:15:32,broken clouds
34,Zhigansk,66.7697,123.3711,-48.41,77,54,4.63,RU,2021-01-18 01:15:32,broken clouds
35,Buala,-8.145,159.5921,84.61,74,71,9.51,SB,2021-01-18 01:15:32,light rain
36,Nikolskoye,59.7035,30.7861,19.0,93,75,4.47,RU,2021-01-18 01:15:33,snow
37,Komsomolskiy,40.4272,71.7189,30.2,80,100,6.91,UZ,2021-01-18 01:15:33,mist
38,Rabat,33.9911,-6.8401,42.8,100,0,3.44,MA,2021-01-18 01:15:33,mist
39,Tramagal,39.45,-8.25,39.99,86,100,2.91,PT,2021-01-18 01:15:33,overcast clouds
40,Lebu,-37.6167,-73.65,57.09,83,0,21.43,CL,2021-01-18 01:15:33,clear sky
41,Hermanus,-34.4187,19.2345,66.99,80,0,7.0,ZA,2021-01-18 01:13:02,clear sky
42,Lac Du Bonnet,50.2536,-96.0612,7.0,83,87,5.01,CA,2021-01-18 01:15:33,overcast clouds
43,Faanui,-16.4833,-151.75,82.08,73,0,13.89,PF,2021-01-18 01:15:33,clear sky
44,Busselton,-33.65,115.3333,81.0,38,0,7.0,AU,2021-01-18 01:15:33,clear sky
45,Lerwick,60.1545,-1.1494,42.8,81,20,21.85,GB,2021-01-18 01:15:34,light rain
46,Cape Town,-33.9258,18.4232,69.01,73,0,9.22,ZA,2021-01-18 01:12:50,clear sky
47,Georgetown,5.4112,100.3354,78.8,69,20,5.75,MY,2021-01-18 01:13:33,few clouds
48,Provideniya,64.3833,-173.3,1.4,71,90,13.42,RU,2021-01-18 01:15:34,light snow
49,Bluff,-46.6,168.3333,60.01,57,95,5.99,NZ,2021-01-18 01:15:34,overcast clouds
50,Hovd,48.0056,91.6419,0.63,79,0,0.65,MN,2021-01-18 01:15:34,clear sky
51,Salem,11.65,78.1667,68.0,77,20,4.54,IN,2021-01-18 01:15:34,haze
52,Krasnyy Kholm,58.0607,37.1203,-2.33,93,99,5.7,RU,2021-01-18 01:15:34,overcast clouds
53,Kulunda,52.566,78.9385,16.32,93,100,12.39,RU,2021-01-18 01:15:34,overcast clouds
54,Kuah,6.3265,99.8432,82.4,61,20,9.22,MY,2021-01-18 01:15:35,few clouds
55,Klaksvik,62.2266,-6.589,33.8,100,75,4.61,FO,2021-01-18 01:15:35,broken clouds
56,Noumea,-22.2763,166.4572,86.0,70,90,8.05,NC,2021-01-18 01:15:35,overcast clouds
57,Karratha,-20.7377,116.8463,96.1,41,30,9.89,AU,2021-01-18 01:15:35,scattered clouds
58,Celestun,20.8667,-90.4,68.4,68,100,14.81,MX,2021-01-18 01:15:35,overcast clouds
59,Ancud,-41.8697,-73.8203,55.4,82,0,3.44,CL,2021-01-18 01:15:35,clear sky
60,Macabugos,13.2362,123.3053,79.32,79,100,6.31,PH,2021-01-18 01:15:35,overcast clouds
61,East London,-33.0153,27.9116,69.76,71,98,4.61,ZA,2021-01-18 01:15:35,overcast clouds
62,Tasiilaq,65.6145,-37.6368,23.0,63,0,4.61,GL,2021-01-18 01:15:35,clear sky
63,Butaritari,3.0707,172.7902,80.69,77,92,19.13,KI,2021-01-18 01:15:36,overcast clouds
64,Valparaiso,-33.0393,-71.6273,59.0,94,0,3.44,CL,2021-01-18 01:11:09,clear sky
65,Monrovia,6.3005,-10.7969,73.4,100,40,7.34,LR,2021-01-18 01:11:52,mist
66,Xai-Xai,-25.0519,33.6442,76.57,85,100,13.82,MZ,2021-01-18 01:15:36,light rain
67,Cabo San Lucas,22.8909,-109.9124,73.4,56,1,5.77,MX,2021-01-18 01:15:36,clear sky
68,Kodiak,57.79,-152.4072,37.4,75,90,12.66,US,2021-01-18 01:15:36,overcast clouds
69,Dikson,73.5069,80.5464,-23.55,84,34,18.21,RU,2021-01-18 01:15:36,scattered clouds
70,Lieksa,63.3167,30.0167,21.54,96,98,9.19,FI,2021-01-18 01:15:36,overcast clouds
71,Kazachinskoye,57.6953,93.2761,9.09,95,100,5.66,RU,2021-01-18 01:15:36,overcast clouds
72,Vanimo,-2.6741,141.3028,83.28,78,100,8.7,PG,2021-01-18 01:15:37,moderate rain
73,Mehamn,71.0357,27.8492,33.35,93,100,16.46,NO,2021-01-18 01:15:37,light snow
74,Bodaybo,57.8506,114.1933,-44.41,68,65,2.33,RU,2021-01-18 01:15:37,broken clouds
75,Tavda,58.0425,65.2726,-10.66,90,0,5.59,RU,2021-01-18 01:13:29,clear sky
76,Uozu,36.8,137.4,37.99,81,40,2.3,JP,2021-01-18 01:15:37,scattered clouds
77,Sao Joao Do Paraiso,-15.3136,-42.0144,64.06,92,0,6.35,BR,2021-01-18 01:15:37,clear sky
78,Mar Del Plata,-38.0023,-57.5575,62.6,77,75,9.22,AR,2021-01-18 01:11:31,broken clouds
79,Codrington,-38.2667,141.9667,61.14,72,98,15.05,AU,2021-01-18 01:15:37,overcast clouds
80,San Rafael,-34.6177,-68.3301,75.42,24,0,11.05,AR,2021-01-18 01:15:38,clear sky
81,Bosaso,11.2842,49.1816,72.59,72,0,0.76,SO,2021-01-18 01:15:38,clear sky
82,Comodoro Rivadavia,-45.8667,-67.5,78.8,36,0,17.27,AR,2021-01-18 01:15:38,clear sky
83,Carnarvon,-24.8667,113.6333,86.0,74,97,4.61,AU,2021-01-18 01:15:38,overcast clouds
84,Rosarito,32.3333,-117.0333,75.2,15,1,5.75,MX,2021-01-18 01:15:38,clear sky
85,Kieta,-6.2167,155.6333,84.97,70,35,8.25,PG,2021-01-18 01:15:38,light rain
86,Puerto Ayora,-0.7393,-90.3518,75.99,93,19,1.99,EC,2021-01-18 01:13:23,few clouds
87,Narsaq,60.9167,-46.05,23.0,63,75,5.75,GL,2021-01-18 01:15:38,broken clouds
88,Qui Nhon,13.7667,109.2333,69.49,79,16,22.88,VN,2021-01-18 01:12:29,light rain
89,Torbay,47.6666,-52.7314,37.99,100,90,10.36,CA,2021-01-18 01:15:39,light rain
90,Zhezkazgan,47.8043,67.7144,13.37,94,98,5.28,KZ,2021-01-18 01:15:39,overcast clouds
91,Likhovskoy,48.1519,40.1792,11.52,97,100,10.89,RU,2021-01-18 01:15:39,snow
92,Tazmalt,36.3868,4.3989,45.5,54,11,3.31,DZ,2021-01-18 01:15:39,few clouds
93,Barrow,71.2906,-156.7887,-4.0,77,90,12.66,US,2021-01-18 01:15:39,overcast clouds
94,Sosva,59.1766,61.8558,-9.65,88,0,5.57,RU,2021-01-18 01:15:39,clear sky
95,Huaidian,33.4333,115.0333,36.61,73,0,7.54,CN,2021-01-18 01:15:39,clear sky
96,Winkler,49.1817,-97.941,14.0,79,94,4.61,CA,2021-01-18 01:15:08,overcast clouds
97,Chuy,-33.6971,-53.4616,63.97,74,0,7.54,UY,2021-01-18 01:15:40,clear sky
98,Hilo,19.7297,-155.09,78.8,73,90,4.61,US,2021-01-18 01:15:40,moderate rain
99,Oranjemund,-28.55,16.4333,62.2,91,0,1.41,NA,2021-01-18 01:15:40,clear sky
100,Ushuaia,-54.8,-68.3,50.0,81,90,12.66,AR,2021-01-18 01:12:28,light intensity drizzle
101,Tessalit,20.1986,1.0114,62.24,27,0,16.11,ML,2021-01-18 01:15:40,clear sky
102,Kaohsiung,22.6163,120.3133,60.01,67,20,4.61,TW,2021-01-18 01:12:06,few clouds
103,Remanso,-9.6179,-42.0831,78.13,54,26,2.89,BR,2021-01-18 01:15:40,scattered clouds
104,Yelan,50.949,43.7378,-1.68,91,100,7.27,RU,2021-01-18 01:15:40,overcast clouds
105,Saint-Augustin,51.226,-58.6502,36.75,92,100,22.62,CA,2021-01-18 01:15:40,light rain
106,Mahebourg,-20.4081,57.7,78.8,83,40,11.5,MU,2021-01-18 01:15:41,scattered clouds
107,Ponta Do Sol,32.6667,-17.1,55.99,61,94,1.01,PT,2021-01-18 01:15:41,overcast clouds
108,Albany,42.6001,-73.9662,37.0,71,81,6.55,US,2021-01-18 01:12:00,broken clouds
109,Yurovka,45.1147,37.4188,24.8,80,100,13.42,RU,2021-01-18 01:15:41,overcast clouds
110,San Quintin,30.4833,-115.95,66.51,42,0,3.51,MX,2021-01-18 01:15:41,clear sky
111,Booue,-0.0921,11.9385,72.64,92,97,1.83,GA,2021-01-18 01:15:41,overcast clouds
112,Lompoc,34.6391,-120.4579,69.8,32,0,8.05,US,2021-01-18 01:15:41,clear sky
113,De-Kastri,51.4667,140.7833,-7.49,85,100,3.71,RU,2021-01-18 01:15:41,overcast clouds
114,Pevek,69.7008,170.3133,-29.54,85,10,4.0,RU,2021-01-18 01:15:42,clear sky
115,Coihaique,-45.5752,-72.0662,57.2,72,75,2.3,CL,2021-01-18 01:15:42,broken clouds
116,Cidreira,-30.1811,-50.2056,73.11,93,100,13.56,BR,2021-01-18 01:15:42,overcast clouds
117,Madimba,-10.4,40.3333,80.6,89,40,13.8,TZ,2021-01-18 01:15:42,scattered clouds
118,Fare,-16.7,-151.0167,82.09,73,0,12.68,PF,2021-01-18 01:15:42,clear sky
119,Borkenes,68.774,16.1739,27.0,92,100,1.14,NO,2021-01-18 01:15:42,overcast clouds
120,Tuatapere,-46.1333,167.6833,60.01,57,100,5.99,NZ,2021-01-18 01:15:42,light rain
121,San Matias,-16.3667,-58.4,75.18,92,100,8.19,BO,2021-01-18 01:15:43,moderate rain
122,Udachnyy,66.4167,112.4,-36.33,81,100,1.52,RU,2021-01-18 01:15:43,overcast clouds
123,Kyren,51.6828,102.1408,10.6,86,80,0.96,RU,2021-01-18 01:15:43,broken clouds
124,Robertsport,6.7533,-11.3686,79.52,83,0,8.55,LR,2021-01-18 01:15:43,clear sky
125,Hobart,-42.8794,147.3294,66.2,48,75,26.46,AU,2021-01-18 01:11:09,broken clouds
126,Atuona,-9.8,-139.0333,78.67,78,83,14.45,PF,2021-01-18 01:15:43,broken clouds
127,Ransang,8.9603,117.5828,78.46,84,100,7.43,PH,2021-01-18 01:15:43,heavy intensity rain
128,San Cristobal,7.7669,-72.225,65.73,87,9,1.74,VE,2021-01-18 01:15:43,clear sky
129,Pacifica,37.6138,-122.4869,64.0,63,1,13.8,US,2021-01-18 01:15:43,haze
130,Port Elizabeth,-33.918,25.5701,66.2,82,75,2.3,ZA,2021-01-18 01:12:24,broken clouds
131,Turkan,40.3639,50.215,44.6,87,0,9.22,AZ,2021-01-18 01:15:43,clear sky
132,Biak,-0.9131,122.8766,78.76,80,100,0.85,ID,2021-01-18 01:15:44,overcast clouds
133,Rawah,34.4816,41.9093,53.04,60,80,10.11,IQ,2021-01-18 01:15:44,broken clouds
134,Zwolle,52.5126,6.0936,39.0,97,0,1.01,NL,2021-01-18 01:15:44,clear sky
135,Bathsheba,13.2167,-59.5167,78.8,78,75,19.57,BB,2021-01-18 01:15:44,broken clouds
136,Natalio,-26.7167,-55.0833,73.54,63,100,5.03,PY,2021-01-18 01:15:44,overcast clouds
137,Sao Filipe,14.8961,-24.4956,72.57,71,0,7.63,CV,2021-01-18 01:15:44,clear sky
138,Bambanglipuro,-7.95,110.2833,81.19,71,93,3.02,ID,2021-01-18 01:15:44,overcast clouds
139,Port Alfred,-33.5906,26.891,64.99,89,94,6.17,ZA,2021-01-18 01:15:44,overcast clouds
140,Namibe,-15.1961,12.1522,72.25,76,98,8.86,AO,2021-01-18 01:15:45,overcast clouds
141,Kalianget,-7.05,113.9333,79.12,82,100,10.94,ID,2021-01-18 01:15:45,light rain
142,Charters Towers,-20.1,146.2667,81.1,70,97,19.77,AU,2021-01-18 01:15:45,overcast clouds
143,Vila Velha,-20.3297,-40.2925,77.0,83,40,5.75,BR,2021-01-18 01:15:45,scattered clouds
144,Nanortalik,60.1432,-45.2371,27.28,92,100,5.57,GL,2021-01-18 01:15:45,overcast clouds
145,Khatanga,71.9667,102.5,-25.62,81,0,13.62,RU,2021-01-18 01:11:35,clear sky
146,Kaitangata,-46.2817,169.8464,62.01,41,100,5.99,NZ,2021-01-18 01:15:45,overcast clouds
147,Vaitape,-16.5167,-151.75,82.09,74,0,12.33,PF,2021-01-18 01:15:45,clear sky
148,Pauini,-7.7136,-66.9764,75.36,95,98,1.68,BR,2021-01-18 01:15:45,overcast clouds
149,Saldanha,-33.0117,17.9442,64.4,77,0,4.61,ZA,2021-01-18 01:15:46,clear sky
150,Aldan,58.6031,125.3894,-45.96,74,65,3.22,RU,2021-01-18 01:13:24,broken clouds
151,Obregon,11.9566,-85.9636,78.8,78,40,4.61,NI,2021-01-18 01:15:46,scattered clouds
152,Mandera,3.9366,41.867,77.11,32,69,5.7,KE,2021-01-18 01:15:46,broken clouds
153,Bengkulu,-3.8004,102.2655,77.88,81,81,5.77,ID,2021-01-18 01:15:46,broken clouds
154,San Nicolas,18.1725,120.5953,78.8,61,20,19.57,PH,2021-01-18 01:15:46,few clouds
155,Arraial Do Cabo,-22.9661,-42.0278,78.8,73,0,12.66,BR,2021-01-18 01:15:46,clear sky
156,Biltine,14.5333,20.9167,63.01,24,0,9.35,TD,2021-01-18 01:15:46,clear sky
157,Kununurra,-15.7667,128.7333,89.6,55,40,5.75,AU,2021-01-18 01:11:57,scattered clouds
158,Gobabis,-22.45,18.9667,70.59,33,100,10.22,NA,2021-01-18 01:11:02,overcast clouds
159,Nizhniy Tsasuchey,50.5167,115.1333,-16.94,76,0,2.64,RU,2021-01-18 01:15:47,clear sky
160,Daloa,6.8774,-6.4502,74.41,77,45,4.38,CI,2021-01-18 01:15:47,scattered clouds
161,Gamba,-2.65,10.0,77.4,84,100,5.53,GA,2021-01-18 01:15:47,overcast clouds
162,Castro,-24.7911,-50.0119,65.52,95,100,6.11,BR,2021-01-18 01:15:47,overcast clouds
163,Chokurdakh,70.6333,147.9167,-27.02,85,100,6.98,RU,2021-01-18 01:15:47,overcast clouds
164,Hithadhoo,-0.6,73.0833,80.62,71,51,7.47,MV,2021-01-18 01:15:47,broken clouds
165,Caravelas,-17.7125,-39.2481,74.25,85,0,5.08,BR,2021-01-18 01:15:47,clear sky
166,Riyadh,24.6877,46.7219,59.0,31,0,4.21,SA,2021-01-18 01:13:09,clear sky
167,Souillac,-20.5167,57.5167,78.8,83,40,11.5,MU,2021-01-18 01:15:48,scattered clouds
168,Talnakh,69.4865,88.3972,-6.97,80,100,3.87,RU,2021-01-18 01:15:48,overcast clouds
169,Mbandaka,0.0487,18.2603,71.35,86,37,3.13,CD,2021-01-18 01:15:48,scattered clouds
170,Uyemskiy,64.4743,40.8524,6.8,92,90,6.71,RU,2021-01-18 01:15:48,overcast clouds
171,Lasa,46.6166,10.7002,28.99,80,75,9.22,IT,2021-01-18 01:15:48,broken clouds
172,Acapulco,16.8634,-99.8901,80.6,74,40,6.91,MX,2021-01-18 01:15:23,scattered clouds
173,Gillette,44.2911,-105.5022,34.0,86,90,11.5,US,2021-01-18 01:15:48,snow
174,Umm Lajj,25.0213,37.2685,65.86,52,37,12.24,SA,2021-01-18 01:15:48,scattered clouds
175,Plerin,48.5425,-2.7798,39.99,10,100,7.92,FR,2021-01-18 01:15:48,overcast clouds
176,Contamana,-7.3333,-75.0167,79.27,73,100,3.89,PE,2021-01-18 01:15:49,overcast clouds
177,Poum,-20.2333,164.0167,83.17,78,14,13.38,NC,2021-01-18 01:15:49,light rain
178,Tobermory,45.2501,-81.6665,28.4,69,100,4.61,CA,2021-01-18 01:11:15,overcast clouds
179,Grand Junction,39.0639,-108.5507,37.99,59,1,1.72,US,2021-01-18 01:15:49,clear sky
180,Wakema,16.6,95.1833,67.93,70,0,5.21,MM,2021-01-18 01:15:49,clear sky
181,Guerrero Negro,27.9769,-114.0611,68.09,34,0,8.81,MX,2021-01-18 01:15:49,clear sky
182,Troitsko-Pechorsk,62.7084,56.1964,-8.21,91,100,3.47,RU,2021-01-18 01:15:49,overcast clouds
183,Cherskiy,68.75,161.3,-32.49,83,99,2.1,RU,2021-01-18 01:11:50,overcast clouds
184,Chapais,49.7834,-74.8492,12.2,85,90,13.8,CA,2021-01-18 01:15:49,light snow
185,Leningradskiy,69.3833,178.4167,-26.3,83,41,6.53,RU,2021-01-18 01:10:54,scattered clouds
186,Ahmadpur Sial,30.6754,71.7483,46.4,81,90,9.22,PK,2021-01-18 01:15:50,mist
187,Ribeira Grande,38.5167,-28.7,62.85,81,16,26.53,PT,2021-01-18 01:15:50,light rain
188,Avera,33.194,-82.5271,39.2,75,1,6.02,US,2021-01-18 01:15:50,clear sky
189,Socorro,31.6546,-106.3033,59.0,15,1,5.32,US,2021-01-18 01:15:50,clear sky
190,Mawlaik,23.6333,94.4167,59.18,80,0,0.54,MM,2021-01-18 01:15:50,clear sky
191,Upernavik,72.7868,-56.1549,14.18,85,100,9.24,GL,2021-01-18 01:15:50,overcast clouds
192,Pochutla,15.7432,-96.4661,77.0,78,40,0.89,MX,2021-01-18 01:15:50,scattered clouds
193,Elizabeth City,36.2946,-76.2511,43.0,70,1,4.61,US,2021-01-18 01:15:50,clear sky
194,Sao Joao Da Barra,-21.6403,-41.0511,76.17,84,3,15.43,BR,2021-01-18 01:15:51,clear sky
195,Geraldton,-28.7667,114.6,89.6,43,40,9.22,AU,2021-01-18 01:13:02,scattered clouds
196,Teya,60.3778,92.6267,-0.11,90,100,4.61,RU,2021-01-18 01:15:51,overcast clouds
197,Beaverlodge,55.2166,-119.4361,39.2,60,75,20.71,CA,2021-01-18 01:15:51,broken clouds
198,Uruzgan,32.8333,66.0,38.05,60,66,7.81,AF,2021-01-18 01:15:51,broken clouds
199,Longyearbyen,78.2186,15.6401,19.4,63,75,32.21,SJ,2021-01-18 01:15:07,broken clouds
200,Laje,-10.1833,-40.9667,72.91,62,34,9.57,BR,2021-01-18 01:15:51,scattered clouds
201,Talaya,61.3833,152.75,-31.27,80,100,9.22,RU,2021-01-18 01:15:51,light snow
202,Bangassou,4.7413,22.8184,66.47,41,52,0.98,CF,2021-01-18 01:15:51,broken clouds
203,Kralupy Nad Vltavou,50.2411,14.3115,21.2,86,75,5.75,CZ,2021-01-18 01:15:51,broken clouds
204,Alofi,-19.0595,-169.9187,87.8,62,75,10.36,NU,2021-01-18 01:15:52,broken clouds
205,Kupino,54.3663,77.2981,14.86,96,71,13.91,RU,2021-01-18 01:15:52,broken clouds
206,Cockburn Town,21.4612,-71.1419,77.0,78,40,9.22,TC,2021-01-18 01:15:52,scattered clouds
207,Saint George,37.1041,-113.5841,55.0,22,1,3.44,US,2021-01-18 01:14:55,clear sky
208,Melo,-32.3667,-54.1833,66.36,63,10,8.52,UY,2021-01-18 01:11:02,clear sky
209,Mareeba,-17.0,145.4333,78.8,89,75,2.3,AU,2021-01-18 01:15:52,moderate rain
210,Kosa,59.9445,54.9977,-15.48,90,69,4.81,RU,2021-01-18 01:15:52,broken clouds
211,Ngunguru,-35.6167,174.5,77.0,50,11,8.01,NZ,2021-01-18 01:15:52,few clouds
212,Cabra,37.4725,-4.4421,43.0,51,100,0.92,ES,2021-01-18 01:15:52,overcast clouds
213,Yerkoy,39.6381,34.4672,27.9,95,53,4.74,TR,2021-01-18 01:15:52,broken clouds
214,Dromolaxia,34.8761,33.586,48.99,76,20,4.61,CY,2021-01-18 01:15:53,few clouds
215,Nuevitas,21.5453,-77.2644,68.0,94,20,6.91,CU,2021-01-18 01:15:53,few clouds
216,Buraydah,26.326,43.975,50.0,71,0,4.61,SA,2021-01-18 01:15:53,clear sky
217,Spartanburg,34.9496,-81.9321,41.0,56,90,4.61,US,2021-01-18 01:15:43,overcast clouds
218,Zunyi,27.6867,106.9072,35.65,83,0,1.83,CN,2021-01-18 01:15:53,clear sky
219,Cabedelo,-6.9811,-34.8339,77.0,83,0,8.05,BR,2021-01-18 01:15:53,clear sky
220,Inuvik,68.3499,-133.7218,-7.6,84,100,3.44,CA,2021-01-18 01:15:53,overcast clouds
221,Saharanpur,29.9667,77.55,50.0,65,0,3.6,IN,2021-01-18 01:15:53,clear sky
222,Kaeo,-35.1,173.7833,77.0,50,0,8.01,NZ,2021-01-18 01:15:53,clear sky
223,Nouadhibou,20.931,-17.0347,62.6,34,0,13.8,MR,2021-01-18 01:15:54,sand
224,Hakodate,41.7758,140.7367,24.8,54,75,7.63,JP,2021-01-18 01:15:54,broken clouds
225,Thompson,55.7435,-97.8558,-11.2,77,75,3.44,CA,2021-01-18 01:13:02,broken clouds
226,Candido De Abreu,-24.5669,-51.3333,70.21,95,100,2.13,BR,2021-01-18 01:15:54,overcast clouds
227,Belaya Gora,68.5333,146.4167,-39.24,82,6,0.83,RU,2021-01-18 01:15:54,clear sky
228,Severo-Kurilsk,50.6789,156.125,21.96,94,91,38.25,RU,2021-01-18 01:15:54,light snow
229,Tebingtinggi,3.3285,99.1625,75.2,94,90,6.91,ID,2021-01-18 01:15:54,overcast clouds
230,Rawson,-43.3002,-65.1023,68.34,53,0,13.94,AR,2021-01-18 01:15:54,clear sky
231,Port Lincoln,-34.7333,135.8667,63.72,70,100,11.88,AU,2021-01-18 01:15:54,overcast clouds
232,Kholodnyy,62.7167,147.95,-25.26,81,100,6.02,RU,2021-01-18 01:15:54,overcast clouds
233,Fredericksburg,38.3032,-77.4605,41.0,75,40,5.75,US,2021-01-18 01:15:09,scattered clouds
234,Vila Franca Do Campo,37.7167,-25.4333,61.0,88,20,23.02,PT,2021-01-18 01:11:11,few clouds
235,Asyut,27.181,31.1837,51.8,54,0,11.5,EG,2021-01-18 01:15:55,clear sky
236,Padang,-0.9492,100.3543,77.0,88,20,2.3,ID,2021-01-18 01:15:55,moderate rain
237,Stornoway,58.2093,-6.3865,39.2,81,75,11.5,GB,2021-01-18 01:15:55,broken clouds
238,Lima,-12.0432,-77.0282,71.6,73,0,14.97,PE,2021-01-18 01:13:25,clear sky
239,Alice Springs,-23.7,133.8833,80.6,17,0,19.57,AU,2021-01-18 01:15:55,clear sky
240,Freeport,40.6576,-73.5832,43.0,49,90,11.5,US,2021-01-18 01:15:55,overcast clouds
241,Vila,42.0304,-8.1588,46.99,93,0,1.14,PT,2021-01-18 01:15:55,clear sky
242,Yerbogachen,61.2767,108.0108,-36.62,80,100,5.82,RU,2021-01-18 01:15:56,overcast clouds
243,Takestan,36.0696,49.6959,33.8,69,0,2.3,IR,2021-01-18 01:15:56,clear sky
244,Sumkino,58.1108,68.3244,-9.36,89,21,8.61,RU,2021-01-18 01:15:56,few clouds
245,Pizarro,4.9533,-77.366,77.2,85,0,2.42,CO,2021-01-18 01:15:56,clear sky
246,Taoudenni,22.6783,-3.9836,56.26,36,99,16.75,ML,2021-01-18 01:15:56,overcast clouds
247,Lappeenranta,61.0587,28.1887,21.0,91,56,5.66,FI,2021-01-18 01:15:56,broken clouds
248,Phayakkhaphum Phisai,15.5163,103.1937,60.8,72,0,9.22,TH,2021-01-18 01:15:56,clear sky
249,Mahibadhoo,3.7833,72.9667,81.07,75,0,10.58,MV,2021-01-18 01:15:56,clear sky
250,Magdagachi,53.45,125.8,-23.96,82,100,4.81,RU,2021-01-18 01:15:56,overcast clouds
251,Christchurch,-43.5333,172.6333,73.0,24,69,17.27,NZ,2021-01-18 01:15:57,broken clouds
252,Saskylakh,71.9167,114.0833,-28.17,84,68,6.13,RU,2021-01-18 01:15:57,broken clouds
253,North Platte,41.1239,-100.7654,36.0,47,1,0.56,US,2021-01-18 01:14:50,clear sky
254,Kuching,1.55,110.3333,80.6,83,20,8.05,MY,2021-01-18 01:13:06,few clouds
255,Kavaratti,10.5669,72.642,81.72,73,0,5.55,IN,2021-01-18 01:15:57,clear sky
256,Rudnyy,52.9594,63.1206,-9.4,77,0,8.95,KZ,2021-01-18 01:15:57,clear sky
257,Henties Bay,-22.116,14.2845,66.0,87,66,5.53,NA,2021-01-18 01:15:57,broken clouds
258,Virginia Beach,36.8529,-75.978,41.0,75,100,12.8,US,2021-01-18 01:15:03,overcast clouds
259,Necochea,-38.5473,-58.7368,57.99,81,42,11.12,AR,2021-01-18 01:15:58,scattered clouds
260,Huilong,31.8111,121.655,43.0,41,0,3.0,CN,2021-01-18 01:15:58,clear sky
261,Nhulunbuy,-12.2333,136.7667,78.8,94,75,11.5,AU,2021-01-18 01:15:58,heavy intensity rain
262,Suntar,62.1444,117.6319,-35.32,82,100,4.25,RU,2021-01-18 01:15:58,overcast clouds
263,Bangolo,7.0069,-7.475,69.98,51,0,2.26,CI,2021-01-18 01:14:03,clear sky
264,Otane,-39.8833,176.6333,66.99,61,20,15.99,NZ,2021-01-18 01:15:58,few clouds
265,Hay River,60.8156,-115.7999,10.4,85,1,3.44,CA,2021-01-18 01:15:58,clear sky
266,Kerrobert,51.9168,-109.1348,28.4,86,90,13.8,CA,2021-01-18 01:15:58,overcast clouds
267,Azuaga,38.2667,-5.6833,43.0,55,4,4.0,ES,2021-01-18 01:15:58,clear sky
268,Belmonte,-15.8631,-38.8828,78.8,73,20,9.22,BR,2021-01-18 01:15:58,few clouds
269,Le Creusot,46.8071,4.4163,36.0,93,90,2.3,FR,2021-01-18 01:15:58,overcast clouds
270,Murdochville,48.9583,-65.5006,30.2,100,100,1.14,CA,2021-01-18 01:15:59,light snow
271,Prince Rupert,54.3161,-130.3201,44.6,93,90,4.61,CA,2021-01-18 01:11:12,light rain
272,Pokrovsk,48.282,37.1758,10.53,96,100,9.06,UA,2021-01-18 01:15:59,light snow
273,Nantucket,41.2835,-70.0995,42.8,61,20,18.41,US,2021-01-18 01:15:59,few clouds
274,Ulladulla,-35.35,150.4667,79.0,41,0,5.75,AU,2021-01-18 01:15:59,clear sky
275,Bethel,41.3712,-73.414,39.99,56,90,9.22,US,2021-01-18 01:13:45,overcast clouds
276,Corowa,-36.0333,146.3833,78.01,37,0,5.01,AU,2021-01-18 01:15:59,clear sky
277,Patacamaya,-17.2333,-67.9167,48.83,80,100,8.23,BO,2021-01-18 01:11:10,moderate rain
278,Katsuura,35.1333,140.3,41.0,70,75,10.36,JP,2021-01-18 01:12:14,broken clouds
279,Kimry,56.8667,37.35,-10.23,89,1,2.8,RU,2021-01-18 01:15:59,clear sky
280,Bondo,3.8146,23.6866,67.91,77,83,2.53,CD,2021-01-18 01:15:59,broken clouds
281,Fortuna,40.5982,-124.1573,55.0,93,1,8.05,US,2021-01-18 01:15:59,clear sky
282,Trairi,-3.2778,-39.2689,79.39,77,100,9.8,BR,2021-01-18 01:12:23,overcast clouds
283,Iralaya,15.0,-83.2333,77.29,88,100,8.79,HN,2021-01-18 01:16:00,overcast clouds
284,Sitka,57.0531,-135.33,42.8,81,75,5.75,US,2021-01-18 01:11:06,light snow
285,Merida,20.9667,-89.6167,69.01,64,75,5.75,MX,2021-01-18 01:14:28,broken clouds
286,Empangeni,-28.762,31.8933,68.16,93,53,4.5,ZA,2021-01-18 01:16:00,light rain
287,Bereda,43.2686,-7.5406,43.0,100,11,3.0,ES,2021-01-18 01:16:00,few clouds
288,Prado,-17.3411,-39.2208,75.87,85,0,6.44,BR,2021-01-18 01:16:00,clear sky
289,Mikkeli,61.6886,27.2723,21.99,96,91,3.78,FI,2021-01-18 01:16:00,overcast clouds
290,Lagoa,39.05,-27.9833,61.72,81,2,26.35,PT,2021-01-18 01:16:00,clear sky
291,Anloga,5.7947,0.8973,80.6,89,20,5.75,GH,2021-01-18 01:16:00,few clouds
292,Tenenkou,14.4572,-4.9169,66.65,22,77,10.98,ML,2021-01-18 01:16:01,broken clouds
293,Guozhen,34.3659,107.359,38.12,61,0,3.06,CN,2021-01-18 01:16:01,clear sky
294,Luanda,-8.8368,13.2343,77.0,83,75,4.61,AO,2021-01-18 01:13:11,broken clouds
295,Carauari,-4.8828,-66.8958,75.47,95,84,2.44,BR,2021-01-18 01:16:01,broken clouds
296,Aklavik,68.2191,-135.0107,-7.6,84,100,3.44,CA,2021-01-18 01:16:01,overcast clouds
297,Bauska,56.4075,24.1906,5.0,85,0,6.91,LV,2021-01-18 01:16:01,clear sky
298,Atambua,-9.1061,124.8925,79.93,74,97,2.28,ID,2021-01-18 01:16:01,light rain
299,Tiksi,71.6872,128.8694,-20.67,88,100,8.3,RU,2021-01-18 01:16:02,overcast clouds
300,Canutama,-6.5339,-64.3831,75.22,93,100,1.63,BR,2021-01-18 01:16:02,overcast clouds
301,Vostok,46.4856,135.8833,-3.8,85,100,2.44,RU,2021-01-18 01:16:02,overcast clouds
302,Almaznyy,48.0448,40.045,17.6,93,90,20.13,RU,2021-01-18 01:16:02,snow
303,Slupca,52.2873,17.8719,5.0,86,0,2.93,PL,2021-01-18 01:16:02,clear sky
304,Evensk,61.95,159.2333,-0.15,79,85,20.74,RU,2021-01-18 01:16:02,overcast clouds
305,Ashcroft,50.7165,-121.2859,46.4,93,75,3.44,CA,2021-01-18 01:16:02,broken clouds
306,Jipijapa,-1.3333,-80.5833,78.8,78,75,5.75,EC,2021-01-18 01:16:03,broken clouds
307,Shache,38.4167,77.2406,15.85,84,97,0.45,CN,2021-01-18 01:16:03,overcast clouds
308,Smithers,54.7804,-127.1743,37.4,81,40,3.44,CA,2021-01-18 01:16:03,scattered clouds
309,Yaan,7.3833,8.5667,75.42,34,2,5.48,NG,2021-01-18 01:16:03,clear sky
310,Les Cayes,18.2,-73.75,74.21,83,99,4.32,HT,2021-01-18 01:16:03,overcast clouds
311,Lake Wales,27.9014,-81.5859,57.2,88,75,4.25,US,2021-01-18 01:11:58,broken clouds
312,Kayseri,38.737,35.4968,26.6,93,75,3.44,TR,2021-01-18 01:16:03,broken clouds
313,Pitogo,13.7847,122.0881,78.87,79,88,14.65,PH,2021-01-18 01:16:03,overcast clouds
314,Porto Belo,-27.1578,-48.5531,78.8,89,0,2.3,BR,2021-01-18 01:16:03,moderate rain
315,Pangnirtung,66.1451,-65.7125,-18.22,79,1,1.72,CA,2021-01-18 01:11:12,clear sky
316,Tougue,11.4667,-11.6,61.45,28,0,0.63,GN,2021-01-18 01:16:04,clear sky
317,Mitsamiouli,-11.3847,43.2844,81.28,76,98,7.78,KM,2021-01-18 01:11:37,overcast clouds
318,Port Hardy,50.6996,-127.4199,46.4,93,75,3.44,CA,2021-01-18 01:16:04,broken clouds
319,Brae,60.3964,-1.353,42.8,81,20,21.85,GB,2021-01-18 01:16:04,light rain
320,Osoyoos,49.0331,-119.4524,39.2,70,0,5.75,CA,2021-01-18 01:16:04,clear sky
321,Palasa,18.7667,84.4167,66.96,84,2,5.21,IN,2021-01-18 01:16:04,clear sky
322,Rio Verde De Mato Grosso,-18.9181,-54.8442,71.42,95,99,4.9,BR,2021-01-18 01:16:04,overcast clouds
323,Aksarka,66.5606,67.7975,-17.18,87,100,16.84,RU,2021-01-18 01:16:04,overcast clouds
324,Yishui,35.7847,118.6281,31.33,71,0,3.58,CN,2021-01-18 01:16:04,clear sky
325,Bilibino,68.0546,166.4372,-26.88,82,88,1.86,RU,2021-01-18 01:16:04,overcast clouds
326,Flinders,-34.5833,150.8552,81.0,64,0,5.01,AU,2021-01-18 01:16:05,clear sky
327,Seymchan,62.8833,152.4333,-28.68,79,100,4.81,RU,2021-01-18 01:16:05,overcast clouds
328,Gizo,-8.103,156.8419,85.69,71,9,10.33,SB,2021-01-18 01:16:05,clear sky
329,Tual,-5.6667,132.75,83.16,80,50,19.13,ID,2021-01-18 01:16:05,light rain
330,La Ronge,55.1001,-105.2842,3.2,85,100,6.91,CA,2021-01-18 01:16:05,light snow
331,Coahuayana,18.7333,-103.6833,73.4,73,75,1.9,MX,2021-01-18 01:16:05,broken clouds
332,Waipawa,-41.4122,175.5153,68.0,45,0,18.41,NZ,2021-01-18 01:12:33,clear sky
333,Vinh,18.6667,105.6667,56.3,68,72,7.78,VN,2021-01-18 01:14:53,broken clouds
334,Coquimbo,-29.9533,-71.3436,59.0,88,20,8.05,CL,2021-01-18 01:11:25,few clouds
335,Constitucion,-35.3333,-72.4167,59.7,75,0,14.07,CL,2021-01-18 01:16:06,clear sky
336,Tromso,69.6496,18.957,32.0,86,75,12.66,NO,2021-01-18 01:16:06,broken clouds
337,Sur,22.5667,59.5289,67.01,57,0,4.23,OM,2021-01-18 01:16:06,clear sky
338,Sorland,67.667,12.6934,35.92,79,17,6.06,NO,2021-01-18 01:16:06,few clouds
339,Port-Gentil,-0.7193,8.7815,80.2,79,97,11.54,GA,2021-01-18 01:11:36,light rain
340,Tsovazard,40.4709,45.0588,42.8,56,84,1.14,AM,2021-01-18 01:16:06,broken clouds
341,Hamilton,39.1834,-84.5333,33.01,80,90,8.05,US,2021-01-18 01:14:38,light snow
342,Santa Fe,-31.6333,-60.7,72.0,54,0,1.01,AR,2021-01-18 01:13:01,clear sky
343,Kenai,60.5544,-151.2583,35.6,80,75,2.39,US,2021-01-18 01:16:06,broken clouds
344,Gore,-46.1028,168.9436,60.01,57,100,5.99,NZ,2021-01-18 01:16:06,moderate rain
345,Trelew,-43.249,-65.3051,74.1,36,0,8.7,AR,2021-01-18 01:16:06,clear sky
346,Eureka,40.8021,-124.1637,55.99,82,100,1.99,US,2021-01-18 01:15:07,overcast clouds
347,Balfour,-26.6633,28.5902,64.0,79,86,5.01,ZA,2021-01-18 01:16:07,overcast clouds
348,Naivasha,-0.7167,36.4359,55.0,89,70,2.82,KE,2021-01-18 01:16:07,broken clouds
349,Thinadhoo,0.5333,72.9333,81.32,70,1,7.45,MV,2021-01-18 01:16:07,clear sky
350,Touros,-5.1989,-35.4608,78.8,73,40,6.91,BR,2021-01-18 01:16:07,scattered clouds
351,Yar-Sale,66.8333,70.8333,-12.89,89,100,16.31,RU,2021-01-18 01:16:07,light snow
352,Sakakah,29.9697,40.2064,44.6,57,0,5.75,SA,2021-01-18 01:16:07,clear sky
353,Harper,4.375,-7.7169,78.48,83,6,7.54,LR,2021-01-18 01:16:07,clear sky
354,Nishihara,26.1842,127.7558,60.8,41,75,5.75,JP,2021-01-18 01:16:07,broken clouds
355,Clyde River,70.4692,-68.5914,6.8,85,90,24.16,CA,2021-01-18 01:16:07,light snow
356,Baruun-Urt,46.6806,113.2792,-19.05,85,0,3.53,MN,2021-01-18 01:16:07,clear sky
357,Koungou,-12.7336,45.2042,78.8,89,0,2.3,YT,2021-01-18 01:16:07,clear sky
358,Yangambi,0.8102,24.4336,70.23,90,83,1.61,CD,2021-01-18 01:16:08,broken clouds
359,Kyzyl-Suu,42.3414,78.0056,27.03,69,97,4.7,KG,2021-01-18 01:16:08,overcast clouds
360,Lavrentiya,65.5833,-171.0,-11.85,82,100,10.13,RU,2021-01-18 01:16:08,overcast clouds
361,Hun,29.1268,15.9477,47.55,67,0,7.65,LY,2021-01-18 01:16:08,clear sky
362,Grindavik,63.8424,-22.4338,33.8,93,75,17.27,IS,2021-01-18 01:16:08,light snow
363,Sheridan,44.8333,-106.9173,39.99,70,75,23.02,US,2021-01-18 01:13:34,broken clouds
364,Shimoda,34.6667,138.95,46.4,71,40,6.91,JP,2021-01-18 01:13:04,scattered clouds
365,Derzhavinsk,51.1,66.3167,3.76,92,0,5.19,KZ,2021-01-18 01:16:08,clear sky
366,Abbeville,50.1,1.8333,37.0,79,13,6.62,FR,2021-01-18 01:16:08,few clouds
367,Jaisalmer,26.9147,70.9181,53.74,40,0,9.33,IN,2021-01-18 01:14:06,clear sky
368,Nador,35.174,-2.9287,48.2,76,0,4.61,MA,2021-01-18 01:16:08,clear sky
369,Ostrovnoy,68.0531,39.5131,16.36,95,100,18.3,RU,2021-01-18 01:11:53,light snow
370,Paragominas,-2.9667,-47.4833,73.06,97,100,2.91,BR,2021-01-18 01:16:09,light rain
371,Kungurtug,50.5994,97.5228,-3.3,86,37,0.87,RU,2021-01-18 01:16:09,scattered clouds
372,Port Hawkesbury,45.6169,-61.3485,39.0,75,75,13.8,CA,2021-01-18 01:16:09,broken clouds
373,Shubarkuduk,49.1447,56.4872,19.09,94,100,9.78,KZ,2021-01-18 01:16:09,overcast clouds
374,Steamboat Springs,40.485,-106.8317,32.0,69,90,4.61,US,2021-01-18 01:15:22,light snow
375,Mount Gambier,-37.8333,140.7667,62.6,67,90,13.8,AU,2021-01-18 01:16:09,overcast clouds
376,Canico,32.6333,-16.85,59.0,63,75,5.75,PT,2021-01-18 01:16:09,broken clouds
377,Grand-Lahou,5.1367,-5.0242,79.18,83,0,7.85,CI,2021-01-18 01:16:09,clear sky
378,Preobrazheniye,42.9019,133.9064,14.86,86,100,2.46,RU,2021-01-18 01:16:09,light snow
379,Baykit,61.67,96.37,-19.17,83,100,2.59,RU,2021-01-18 01:16:10,overcast clouds
380,Bayir,37.2687,28.2167,37.4,93,40,5.75,TR,2021-01-18 01:16:10,scattered clouds
381,Port Shepstone,-30.7414,30.455,72.12,78,98,7.78,ZA,2021-01-18 01:16:10,overcast clouds
382,Lusambo,-4.9667,23.45,68.22,94,80,0.58,CD,2021-01-18 01:16:10,light rain
383,Cabanas,22.9758,-82.9219,68.0,77,75,6.91,CU,2021-01-18 01:16:10,broken clouds
384,Antofagasta,-23.65,-70.4,66.2,77,0,8.05,CL,2021-01-18 01:16:10,clear sky
385,Wanning,18.8003,110.3967,57.72,67,34,13.49,CN,2021-01-18 01:16:10,scattered clouds
386,Gaoua,10.2992,-3.2508,70.18,21,0,4.36,BF,2021-01-18 01:16:10,clear sky
387,Selenduma,50.9131,106.2406,-5.24,86,100,0.81,RU,2021-01-18 01:16:10,overcast clouds
388,Tlapacoyan,19.9667,-97.2167,63.64,87,100,0.87,MX,2021-01-18 01:16:10,overcast clouds
389,Pestravka,52.405,49.9583,-3.78,90,100,5.84,RU,2021-01-18 01:16:11,overcast clouds
390,Guadalajara,20.6667,-103.3333,71.6,12,20,2.3,MX,2021-01-18 01:15:58,few clouds
391,Faya,18.3851,42.4509,51.8,87,0,2.68,SA,2021-01-18 01:16:11,clear sky
392,Korla,41.7597,86.1469,13.55,83,78,1.52,CN,2021-01-18 01:16:11,broken clouds
393,Dingle,10.9995,122.6711,75.2,92,100,9.69,PH,2021-01-18 01:16:11,overcast clouds
394,Atar,20.5169,-13.0499,63.27,25,100,14.79,MR,2021-01-18 01:16:10,overcast clouds
395,Bambous Virieux,-20.3428,57.7575,79.0,83,40,11.5,MU,2021-01-18 01:16:11,scattered clouds
396,Maragogi,-9.0122,-35.2225,76.69,84,2,9.78,BR,2021-01-18 01:16:11,clear sky
397,Nara,34.6851,135.8049,44.01,52,20,13.8,JP,2021-01-18 01:16:11,few clouds
398,Sao Felix Do Xingu,-6.6447,-51.995,72.52,93,58,0.34,BR,2021-01-18 01:16:11,broken clouds
399,Guadalupe Y Calvo,26.1,-106.9667,45.68,52,0,1.36,MX,2021-01-18 01:16:12,clear sky
400,Huarmey,-10.0681,-78.1522,69.91,83,99,8.23,PE,2021-01-18 01:16:12,overcast clouds
401,Hualmay,-11.0964,-77.6139,70.23,83,100,9.01,PE,2021-01-18 01:16:12,overcast clouds
402,Yining,29.0361,114.5636,41.2,59,0,0.87,CN,2021-01-18 01:16:12,clear sky
403,Mayo,38.8876,-76.5119,44.6,49,75,3.44,US,2021-01-18 01:16:12,broken clouds
404,Asau,46.4333,26.4,21.2,100,75,5.75,RO,2021-01-18 01:16:12,mist
405,Hami,42.8,93.45,12.22,77,0,1.74,CN,2021-01-18 01:16:12,clear sky
406,Pisco,-13.7,-76.2167,69.8,83,0,18.41,PE,2021-01-18 01:16:12,clear sky
407,Myitkyina,25.3833,97.4,57.22,74,0,1.36,MM,2021-01-18 01:16:12,clear sky
408,Langham,52.3668,-106.9679,27.0,93,90,2.3,CA,2021-01-18 01:16:12,light snow
409,Tarko-Sale,64.9225,77.785,-10.89,90,100,12.53,RU,2021-01-18 01:16:12,overcast clouds
410,Springbok,-29.6643,17.8865,59.76,71,0,1.01,ZA,2021-01-18 01:16:13,clear sky
411,Srednekolymsk,67.45,153.6833,-41.06,81,39,2.51,RU,2021-01-18 01:16:13,scattered clouds
412,Manicore,-5.8092,-61.3003,78.06,79,93,2.13,BR,2021-01-18 01:16:13,overcast clouds
413,Ardabil,38.2498,48.2933,38.53,72,22,19.8,IR,2021-01-18 01:15:13,few clouds
414,Alyangula,-13.8483,136.4192,82.4,89,90,8.05,AU,2021-01-18 01:16:13,light rain
415,Vagay,57.9375,69.0217,-6.72,90,82,8.43,RU,2021-01-18 01:16:13,broken clouds
416,Port Hedland,-20.3167,118.5667,100.4,20,72,17.27,AU,2021-01-18 01:16:13,broken clouds
417,Dubai,25.2582,55.3047,62.6,48,0,2.3,AE,2021-01-18 01:14:29,clear sky
418,Takoradi,4.8845,-1.7554,79.05,84,0,7.34,GH,2021-01-18 01:16:13,clear sky
419,Bara,10.3744,10.7288,70.61,23,63,8.88,NG,2021-01-18 01:16:14,broken clouds
420,Bukama,-9.2,25.85,67.98,94,90,1.12,CD,2021-01-18 01:16:14,overcast clouds
421,Shahr-E Babak,30.1165,55.1186,42.26,66,0,9.57,IR,2021-01-18 01:16:14,clear sky
422,Salinopolis,-0.6136,-47.3561,79.63,84,97,9.55,BR,2021-01-18 01:16:14,overcast clouds
423,Roros,62.5747,11.3842,-7.6,84,90,3.98,NO,2021-01-18 01:16:14,overcast clouds
424,Tanabe,33.7333,135.3667,42.8,45,20,17.27,JP,2021-01-18 01:16:14,few clouds
425,Obo,5.3998,26.4869,67.42,29,100,2.91,CF,2021-01-18 01:16:14,overcast clouds
426,Port Blair,11.6667,92.75,80.49,77,54,18.32,IN,2021-01-18 01:15:14,broken clouds
427,Ratnagiri,16.9833,73.3,78.04,59,97,4.32,IN,2021-01-18 01:16:14,overcast clouds
428,Lorengau,-2.0226,147.2712,85.82,69,98,15.55,PG,2021-01-18 01:16:14,overcast clouds
429,Gujrat,32.5728,74.079,42.8,100,0,2.33,PK,2021-01-18 01:16:15,fog
430,Victoria,22.2855,114.1577,57.0,50,0,1.01,HK,2021-01-18 01:13:07,clear sky
431,Talakan,50.3167,130.3667,-9.22,87,98,2.93,RU,2021-01-18 01:16:15,overcast clouds
432,Matamoros,25.5333,-103.25,68.0,11,1,5.79,MX,2021-01-18 01:16:15,clear sky
433,Iqaluit,63.7506,-68.5145,-13.0,64,20,3.44,CA,2021-01-18 01:16:15,few clouds
434,Alta Floresta,-9.8756,-56.0861,75.2,100,75,2.66,BR,2021-01-18 01:16:15,broken clouds
435,Novyy Urgal,51.0736,132.5642,-12.71,87,98,1.07,RU,2021-01-18 01:16:15,snow
436,Pryazha,61.6926,33.6216,19.4,93,74,4.47,RU,2021-01-18 01:16:15,broken clouds
437,Kosh-Agach,50.0,88.6667,-4.29,64,24,0.67,RU,2021-01-18 01:16:15,few clouds
438,Ingham,42.6,-84.3833,32.0,100,90,3.83,US,2021-01-18 01:16:15,light snow
439,San Patricio,28.017,-97.5169,64.4,63,1,9.22,US,2021-01-18 01:16:15,clear sky
440,Atasu,48.6814,71.6433,14.9,87,15,2.24,KZ,2021-01-18 01:16:16,few clouds
441,Salto Del Guaira,-24.0625,-54.3069,71.58,94,100,4.56,PY,2021-01-18 01:16:16,overcast clouds
442,Caarapo,-22.6342,-54.8222,71.62,97,100,3.98,BR,2021-01-18 01:16:16,heavy intensity rain
443,Ayagoz,47.9714,80.4392,12.16,84,2,5.01,KZ,2021-01-18 01:16:16,clear sky
444,Labuhan,-6.8844,112.2051,80.89,80,85,12.24,ID,2021-01-18 01:16:16,light rain
445,Porto Velho,-8.7619,-63.9039,78.8,94,20,2.35,BR,2021-01-18 01:16:16,light rain
446,Vasterhaninge,59.1167,18.1,28.4,93,90,4.61,SE,2021-01-18 01:16:16,overcast clouds
447,Retz,48.7494,15.9624,21.2,79,90,5.75,AT,2021-01-18 01:16:16,overcast clouds
448,Kavieng,-2.5744,150.7967,85.41,71,10,18.59,PG,2021-01-18 01:16:17,clear sky
449,Quatre Cocos,-20.2078,57.7625,79.0,83,40,11.5,MU,2021-01-18 01:16:17,scattered clouds
450,Pangkalanbuun,-2.6833,111.6167,77.99,87,89,3.18,ID,2021-01-18 01:12:57,overcast clouds
451,Tocopilla,-22.092,-70.1979,66.34,60,0,3.27,CL,2021-01-18 01:16:17,clear sky
452,Bumbuna,9.05,-11.7333,68.52,25,0,0.47,SL,2021-01-18 01:16:17,clear sky
453,Aripuana,-9.1667,-60.6333,74.75,94,100,1.57,BR,2021-01-18 01:16:17,overcast clouds
454,Qunduz,36.729,68.857,42.08,58,100,1.63,AF,2021-01-18 01:16:17,overcast clouds
455,Roma,43.2128,-75.4557,34.0,86,90,5.75,US,2021-01-18 01:16:17,snow
456,Kalabo,-14.97,22.6814,69.37,73,100,4.27,ZM,2021-01-18 01:16:18,overcast clouds
457,Tabory,58.5198,64.5495,-12.64,89,0,5.32,RU,2021-01-18 01:16:18,clear sky
458,Kampene,-3.6,26.6667,67.75,98,100,1.39,CD,2021-01-18 01:16:18,moderate rain
459,Pangai,-19.8,-174.35,87.8,74,20,5.75,TO,2021-01-18 01:16:18,few clouds
460,Rockland,41.1668,-74.0496,42.01,65,37,8.79,US,2021-01-18 01:12:16,scattered clouds
461,Northam,51.0333,-4.2167,45.0,88,100,4.0,GB,2021-01-18 01:16:18,light rain
462,Abnub,27.2696,31.1511,51.8,54,0,11.5,EG,2021-01-18 01:16:18,clear sky
463,Sao Gabriel Da Cachoeira,-0.1303,-67.0892,74.16,93,8,0.89,BR,2021-01-18 01:16:18,light rain
464,Hofn,64.2539,-15.2082,38.64,72,100,13.51,IS,2021-01-18 01:16:18,overcast clouds
465,Lindas,60.7381,5.16,37.0,95,99,17.0,NO,2021-01-18 01:16:18,overcast clouds
466,Krasnoselkup,65.7,82.4667,-3.35,92,100,11.41,RU,2021-01-18 01:16:19,overcast clouds
467,Lock Haven,41.137,-77.4469,37.4,65,90,5.75,US,2021-01-18 01:16:19,snow
468,Muyezerskiy,63.9333,31.65,9.93,96,25,6.67,RU,2021-01-18 01:16:19,scattered clouds
469,Richards Bay,-28.783,32.0377,70.21,88,12,7.52,ZA,2021-01-18 01:16:19,light rain
470,Hokitika,-42.7167,170.9667,58.39,73,100,11.79,NZ,2021-01-18 01:16:19,light rain
471,Morondava,-20.2833,44.2833,80.89,84,92,8.28,MG,2021-01-18 01:16:19,moderate rain
472,Portland,45.5234,-122.6762,48.2,81,75,0.67,US,2021-01-18 01:15:11,broken clouds
473,Iznoski,54.9881,35.3108,-9.87,90,96,2.17,RU,2021-01-18 01:16:20,overcast clouds
474,Ponta Delgada,37.7333,-25.6667,61.0,88,20,23.02,PT,2021-01-18 01:16:20,few clouds
475,Salalah,17.0151,54.0924,62.6,27,0,3.44,OM,2021-01-18 01:16:20,clear sky
476,Campo Do Brito,-10.7333,-37.4933,80.6,74,40,9.22,BR,2021-01-18 01:16:20,scattered clouds
477,Maldonado,-34.6667,-54.9167,66.99,82,40,9.22,UY,2021-01-18 01:16:20,scattered clouds
478,Cayenne,4.9333,-52.3333,78.8,89,20,8.05,GF,2021-01-18 01:16:20,few clouds
479,Shenjiamen,29.9576,122.298,41.22,63,0,5.99,CN,2021-01-18 01:16:20,clear sky
480,Iwanai,42.9744,140.5089,22.15,91,96,12.82,JP,2021-01-18 01:13:29,light snow
481,Sampit,-2.5333,112.95,76.24,92,100,2.1,ID,2021-01-18 01:16:20,overcast clouds
482,Santa Rosa,14.3122,121.1114,81.0,74,40,3.44,PH,2021-01-18 01:16:20,scattered clouds
483,Aboisso,5.4678,-3.2071,76.69,88,0,2.89,CI,2021-01-18 01:16:20,clear sky
484,Santa Vitoria Do Palmar,-33.5189,-53.3681,64.83,72,0,8.23,BR,2021-01-18 01:16:21,clear sky
485,Slatioara,45.1167,23.9167,13.68,87,65,3.29,RO,2021-01-18 01:16:21,broken clouds
486,Kamina,-8.7386,24.9906,62.58,97,91,3.58,CD,2021-01-18 01:16:21,overcast clouds
487,Praia Da Vitoria,38.7333,-27.0667,61.0,94,75,21.72,PT,2021-01-18 01:16:21,broken clouds
488,Rundu,-17.9333,19.7667,67.82,89,100,0.87,NA,2021-01-18 01:16:21,overcast clouds
489,Oistins,13.0667,-59.5333,78.8,78,75,19.57,BB,2021-01-18 01:14:44,broken clouds
490,Gwadar,25.1216,62.3254,66.22,78,0,3.47,PK,2021-01-18 01:16:21,clear sky
491,Luderitz,-26.6481,15.1594,63.46,81,0,8.9,NA,2021-01-18 01:16:21,clear sky
492,Fort Nelson,58.8053,-122.7002,23.0,86,40,2.3,CA,2021-01-18 01:11:57,scattered clouds
493,Veraval,20.9,70.3667,66.43,52,0,8.43,IN,2021-01-18 01:16:21,clear sky
494,Asfi,32.2994,-9.2372,53.89,68,0,7.36,MA,2021-01-18 01:16:21,clear sky
495,Posadas,-27.3671,-55.8961,75.2,64,0,9.22,AR,2021-01-18 01:16:22,clear sky
496,Granja,-3.1203,-40.8261,77.16,85,100,2.73,BR,2021-01-18 01:16:22,moderate rain
497,Shellbrook,53.2168,-106.4011,8.6,85,90,10.36,CA,2021-01-18 01:16:22,light snow
498,Andenes,69.3143,16.1194,28.4,93,100,5.75,NO,2021-01-18 01:16:22,light snow
499,Adrar,20.5022,-10.0711,59.16,30,100,12.44,MR,2021-01-18 01:16:22,overcast clouds
500,Marrakesh,31.6315,-8.0083,42.8,81,0,3.44,MA,2021-01-18 01:12:23,clear sky
501,Bud,39.447,-86.1758,30.0,92,90,8.9,US,2021-01-18 01:12:29,overcast clouds
502,Rocha,-34.4833,-54.3333,61.59,82,1,6.69,UY,2021-01-18 01:16:22,clear sky
503,Teguldet,57.3064,88.1667,16.52,94,100,11.81,RU,2021-01-18 01:16:22,overcast clouds
504,Bastia,42.6667,9.3333,46.99,87,75,4.61,FR,2021-01-18 01:16:22,broken clouds
505,Mangrol,21.1167,70.1167,65.43,52,0,6.73,IN,2021-01-18 01:12:40,clear sky
506,Aswan,24.0934,32.907,54.9,43,3,7.56,EG,2021-01-18 01:16:23,clear sky
507,Hibbing,47.4272,-92.9377,19.4,86,90,5.75,US,2021-01-18 01:13:07,overcast clouds
508,Izhma,65.0083,53.9113,-21.28,87,0,2.84,RU,2021-01-18 01:16:23,clear sky
509,Ndioum,16.5129,-14.6471,69.8,40,82,2.3,SN,2021-01-18 01:16:23,broken clouds
510,Samur,41.8253,48.486,41.58,84,100,4.47,RU,2021-01-18 01:16:23,overcast clouds
511,Hailar,49.2,119.7,-24.41,81,0,6.69,CN,2021-01-18 01:16:23,clear sky
512,Manokwari,-0.8667,134.0833,83.43,69,100,2.98,ID,2021-01-18 01:16:23,light rain
513,Laguna,38.421,-121.4238,66.2,45,1,0.96,US,2021-01-18 01:16:12,clear sky
514,Uzhur,55.3036,89.8339,10.08,91,100,10.18,RU,2021-01-18 01:16:24,overcast clouds
515,Darnah,32.767,22.6367,52.39,62,60,16.02,LY,2021-01-18 01:16:24,broken clouds
516,Vardo,70.3705,31.1107,33.33,95,100,7.29,NO,2021-01-18 01:16:24,snow
517,Corn Island,12.1694,-83.0418,80.33,80,63,12.33,NI,2021-01-18 01:16:24,broken clouds
518,Jalingo,8.8833,11.3667,75.16,21,92,4.7,NG,2021-01-18 01:16:24,overcast clouds
519,Catamarca,-28.4696,-65.7852,60.01,83,2,5.53,AR,2021-01-18 01:16:24,clear sky
520,Norman Wells,65.282,-126.8329,-9.4,84,90,2.3,CA,2021-01-18 01:16:24,overcast clouds
521,Muisne,0.6,-80.0333,76.5,86,97,6.87,EC,2021-01-18 01:16:24,light rain
522,Jaciara,-15.9653,-54.9683,70.84,94,98,2.35,BR,2021-01-18 01:16:24,overcast clouds
523,Sulangan,11.1373,123.7228,79.29,83,100,19.39,PH,2021-01-18 01:16:24,overcast clouds
524,Ust-Charyshskaya Pristan,52.3934,83.6635,11.32,89,94,4.97,RU,2021-01-18 01:16:25,overcast clouds
525,Buribay,51.9617,58.1592,-3.71,90,100,3.94,RU,2021-01-18 01:16:25,overcast clouds
526,Liverpool,53.4106,-2.9779,42.01,93,40,6.91,GB,2021-01-18 01:11:47,scattered clouds
527,Moree,-29.4667,149.85,77.0,73,90,10.36,AU,2021-01-18 01:16:25,light rain
528,Omboue,-1.5746,9.2618,76.8,88,100,6.8,GA,2021-01-18 01:16:25,light rain
529,Tulu Bolo,8.6667,38.2167,53.67,47,96,3.33,ET,2021-01-18 01:16:25,overcast clouds
530,Gagino,55.2314,45.0339,-17.57,88,23,0.58,RU,2021-01-18 01:16:25,few clouds
531,Salihli,38.4826,28.1477,28.87,94,43,2.95,TR,2021-01-18 01:16:26,scattered clouds
532,Malakal,9.5334,31.6605,75.94,22,3,8.1,SS,2021-01-18 01:15:35,clear sky
533,Samarai,-10.6167,150.6667,85.73,72,96,15.97,PG,2021-01-18 01:16:26,overcast clouds
534,Gorontalo,0.5412,123.0595,79.45,77,100,1.72,ID,2021-01-18 01:16:26,overcast clouds
535,Mount Isa,-20.7333,139.5,93.2,17,29,12.66,AU,2021-01-18 01:16:26,scattered clouds
536,Naze,28.3667,129.4833,53.6,82,75,6.91,JP,2021-01-18 01:11:55,broken clouds
537,Namwala,-15.7504,26.4384,66.51,97,100,3.44,ZM,2021-01-18 01:16:26,overcast clouds
538,Yenagoa,4.9247,6.2642,76.41,90,90,4.12,NG,2021-01-18 01:16:26,overcast clouds
539,Peruibe,-24.32,-46.9983,77.77,84,100,4.21,BR,2021-01-18 01:16:26,overcast clouds
540,Houma,29.5958,-90.7195,51.01,54,0,1.99,US,2021-01-18 01:16:27,clear sky
541,Casablanca,33.5928,-7.6192,53.01,100,0,8.05,MA,2021-01-18 01:15:48,clear sky
542,San Policarpo,12.1791,125.5072,79.05,86,100,15.86,PH,2021-01-18 01:16:27,light rain
543,Yoichi,43.2039,140.7703,25.0,93,75,5.75,JP,2021-01-18 01:13:22,light snow
544,Alangilanan,9.642,123.1059,82.4,78,90,9.22,PH,2021-01-18 01:16:27,light rain
545,Saint Anthony,45.0205,-93.218,21.99,86,90,5.75,US,2021-01-18 01:16:27,overcast clouds
546,Lichinga,-13.3128,35.2406,68.0,88,75,4.61,MZ,2021-01-18 01:16:27,broken clouds
547,Kimbe,-5.5502,150.1429,89.62,59,24,4.16,PG,2021-01-18 01:16:27,few clouds
548,Ampanihy,-24.7,44.75,74.77,85,88,3.58,MG,2021-01-18 01:16:27,overcast clouds
549,Sedalia,38.7045,-93.2283,37.99,70,90,11.5,US,2021-01-18 01:15:14,overcast clouds
550,Macara,-4.3833,-79.95,75.47,70,100,4.88,EC,2021-01-18 01:16:27,light rain
551,Farmington,36.7281,-108.2187,46.4,19,1,13.8,US,2021-01-18 01:15:18,clear sky
552,Fort-Shevchenko,44.5086,50.263,39.42,81,99,14.52,KZ,2021-01-18 01:16:28,overcast clouds
553,Kruisfontein,-34.0033,24.7314,68.0,76,57,1.01,ZA,2021-01-18 01:16:28,broken clouds
554,Rockhampton,-23.3833,150.5,86.0,54,90,9.22,AU,2021-01-18 01:16:28,overcast clouds
555,Russell,32.3502,-85.1999,46.4,70,1,5.75,US,2021-01-18 01:15:08,clear sky
556,Zafarabad,25.7,82.7333,53.6,100,90,3.44,IN,2021-01-18 01:16:28,fog
557,Ajaccio,42.0,8.9167,39.2,93,0,6.91,FR,2021-01-18 01:16:28,clear sky
558,Katete,-0.7818,29.7544,62.4,71,79,2.64,UG,2021-01-18 01:16:28,broken clouds
559,Salamiyah,35.0113,37.0532,45.99,76,37,16.93,SY,2021-01-18 01:16:28,scattered clouds
560,Moron,-34.6534,-58.6198,72.0,54,0,1.99,AR,2021-01-18 01:16:28,clear sky
561,Durazno,-33.4131,-56.5006,64.36,62,0,7.0,UY,2021-01-18 01:15:04,clear sky
562,Manavalakurichi,8.1333,77.3,75.2,94,40,10.16,IN,2021-01-18 01:16:29,mist
563,Luwuk,-0.9516,122.7875,81.72,73,100,1.34,ID,2021-01-18 01:16:29,overcast clouds
564,Te Anau,-45.4167,167.7167,45.68,90,100,3.6,NZ,2021-01-18 01:16:29,light rain
565,Moussoro,13.6408,16.4901,66.74,25,0,10.83,TD,2021-01-18 01:16:29,clear sky
566,Menongue,-14.6585,17.691,62.94,66,100,3.78,AO,2021-01-18 01:16:29,overcast clouds
567,Ardatov,55.2421,43.097,-16.29,89,32,0.92,RU,2021-01-18 01:16:29,scattered clouds
568,Puerto Lleras,3.0223,-73.4044,77.76,61,34,4.45,CO,2021-01-18 01:16:29,scattered clouds
569,Margate,51.3813,1.3862,37.99,81,1,1.99,GB,2021-01-18 01:16:29,clear sky
570,Tirumullaivasal,11.2333,79.8333,71.87,82,19,8.5,IN,2021-01-18 01:16:30,few clouds
571,Launceston,-41.45,147.1667,70.0,52,99,14.97,AU,2021-01-18 01:12:11,overcast clouds
572,Mirabad,30.4362,61.8383,47.95,39,0,3.29,AF,2021-01-18 01:16:30,clear sky
573,Srivardhan,18.0333,73.0167,74.26,67,0,5.03,IN,2021-01-18 01:16:30,clear sky
574,Kalakamati,-20.5929,27.3121,68.54,90,100,6.73,BW,2021-01-18 01:16:30,light rain
575,Gornyy,55.1153,83.9059,17.31,96,100,20.22,RU,2021-01-18 01:16:30,light snow
576,Lata,40.1629,-8.3327,46.99,100,88,3.44,PT,2021-01-18 01:16:30,mist
577,Sao Geraldo Do Araguaia,-6.4006,-48.555,74.98,90,99,1.74,BR,2021-01-18 01:12:17,light rain
578,Bubaque,11.2833,-15.8333,77.34,62,100,10.71,GW,2021-01-18 01:16:30,overcast clouds
579,Krasnogvardeyskoye,45.8456,41.5186,28.54,98,100,9.48,RU,2021-01-18 01:16:30,snow
580,Ankazoabo,-22.2833,44.5167,72.68,86,9,1.86,MG,2021-01-18 01:16:30,clear sky
581,Marawi,7.9986,124.2928,77.0,88,100,4.0,PH,2021-01-18 01:16:31,moderate rain
582,College,64.8569,-147.8028,3.2,78,40,2.44,US,2021-01-18 01:15:59,scattered clouds
583,Vikravandi,12.0333,79.55,66.72,88,36,7.7,IN,2021-01-18 01:16:31,scattered clouds
584,Lidkoping,58.5052,13.1577,28.4,100,90,6.91,SE,2021-01-18 01:16:31,overcast clouds
585,Floro,61.5996,5.0328,39.2,81,90,18.41,NO,2021-01-18 01:16:31,overcast clouds
586,Mae Hong Son,19.3003,97.9685,60.8,94,75,1.57,TH,2021-01-18 01:16:31,broken clouds
587,Ilo,-17.6394,-71.3375,69.33,77,64,4.76,PE,2021-01-18 01:16:31,broken clouds
588,Lloydminster,53.2835,-110.0016,30.2,93,90,16.11,CA,2021-01-18 01:16:32,snow
589,Koumac,-20.5667,164.2833,84.99,73,49,4.9,NC,2021-01-18 01:16:32,scattered clouds
590,Waingapu,-9.6567,120.2641,81.25,76,100,4.99,ID,2021-01-18 01:16:32,overcast clouds
591,Bafata,12.1667,-14.75,71.55,21,92,1.43,GW,2021-01-18 01:16:32,overcast clouds
592,Hwange,-18.3693,26.5019,70.48,96,100,1.3,ZW,2021-01-18 01:16:32,overcast clouds
593,Chanika,-5.4167,38.0167,70.18,96,100,0.45,TZ,2021-01-18 01:16:32,overcast clouds
594,Aniva,46.7144,142.5294,5.0,78,75,13.42,RU,2021-01-18 01:16:32,snow
595,Ibra,22.6906,58.5334,54.23,78,0,1.48,OM,2021-01-18 01:16:32,clear sky
596,Havre-Saint-Pierre,50.2334,-63.5986,33.8,100,90,13.8,CA,2021-01-18 01:16:32,overcast clouds
597,Peniche,39.3558,-9.3811,46.0,71,0,3.0,PT,2021-01-18 01:16:32,clear sky
598,Tamugan,7.2308,125.3764,75.2,100,90,2.3,PH,2021-01-18 01:16:33,heavy intensity rain
599,Puqi,29.7167,113.8833,41.58,58,0,4.32,CN,2021-01-18 01:16:33,clear sky
600,Dunedin,-45.8742,170.5036,62.01,70,100,4.0,NZ,2021-01-18 01:16:33,light rain
601,Mandalgovi,45.7625,106.2708,6.1,86,68,4.34,MN,2021-01-18 01:16:33,broken clouds
602,Rawatsar,29.2833,74.3833,51.44,55,0,8.88,IN,2021-01-18 01:16:33,clear sky
603,Morros,-9.4467,-46.3003,76.42,73,94,1.19,BR,2021-01-18 01:16:33,overcast clouds
604,Ennis,52.8436,-8.9864,41.0,87,75,5.75,IE,2021-01-18 01:16:33,broken clouds
605,Tumpat,6.1978,102.171,78.8,78,20,5.75,MY,2021-01-18 01:16:33,few clouds
606,Pekalongan,-6.8886,109.6753,57.99,74,96,6.8,ID,2021-01-18 01:16:33,light rain
607,Saint-Nazaire,47.2833,-2.2,35.6,100,20,3.44,FR,2021-01-18 01:16:33,mist
608,Yulara,-25.2406,130.9889,82.4,14,0,17.27,AU,2021-01-18 01:16:34,clear sky
609,Soyo,-6.1349,12.3689,78.64,80,100,7.63,AO,2021-01-18 01:16:34,overcast clouds
610,Paamiut,61.994,-49.6678,27.03,92,100,7.63,GL,2021-01-18 01:16:34,overcast clouds
611,Banjar,-8.19,114.9675,78.8,94,40,1.14,ID,2021-01-18 01:16:34,scattered clouds
612,Tamandare,-8.7597,-35.1047,77.09,83,1,9.13,BR,2021-01-18 01:16:34,clear sky
613,Kloulklubed,7.0419,134.2556,80.6,83,90,5.75,PW,2021-01-18 01:16:34,overcast clouds
614,Pringsewu,-5.3582,104.9744,78.06,82,55,3.44,ID,2021-01-18 01:16:34,light rain
615,Turukhansk,65.8167,87.9833,-12.55,87,100,19.1,RU,2021-01-18 01:16:34,overcast clouds
616,Mantua,45.1667,10.7833,30.0,80,20,4.61,IT,2021-01-18 01:16:34,few clouds
617,Luvianos,18.9167,-100.4,66.16,53,97,1.32,MX,2021-01-18 01:16:35,light rain
618,Khovu-Aksy,51.1333,93.6,-2.78,80,5,2.35,RU,2021-01-18 01:16:35,clear sky
619,Hastings,50.8552,0.5729,37.99,81,15,1.01,GB,2021-01-18 01:16:35,few clouds
620,Marau,-28.4492,-52.2,68.27,94,100,4.29,BR,2021-01-18 01:16:35,overcast clouds
621,Opuwo,-18.0607,13.84,65.7,62,100,3.49,NA,2021-01-18 01:16:35,overcast clouds
622,Haapiti,-17.5667,-149.8667,86.0,66,40,14.97,PF,2021-01-18 01:16:35,light rain
623,Whitehaven,54.549,-3.5841,41.0,95,98,4.0,GB,2021-01-18 01:16:35,overcast clouds
624,Weifang,36.71,119.1019,29.97,67,0,7.54,CN,2021-01-18 01:16:35,clear sky
625,Muli,2.9167,73.5667,81.28,71,14,7.76,MV,2021-01-18 01:16:35,few clouds
626,Tahta,26.7693,31.5021,53.6,43,0,10.36,EG,2021-01-18 01:16:35,clear sky
627,Saurimo,-9.6608,20.3916,63.57,96,100,2.21,AO,2021-01-18 01:16:35,overcast clouds
628,Bairiki,1.3292,172.9752,84.2,65,20,12.66,KI,2021-01-18 01:16:36,few clouds
629,Ballina,-28.8667,153.5667,82.4,69,78,17.27,AU,2021-01-18 01:16:36,broken clouds
630,Cajamarca,-7.1638,-78.5003,54.63,83,100,2.51,PE,2021-01-18 01:16:36,moderate rain
631,Penzance,50.1186,-5.5371,44.01,87,75,6.91,GB,2021-01-18 01:16:36,broken clouds
632,Ongandjera,-17.8833,15.0667,72.91,50,100,11.74,NA,2021-01-18 01:16:36,overcast clouds
633,Catabola,-12.15,17.2833,63.55,88,100,4.9,AO,2021-01-18 01:16:36,overcast clouds
634,Fairview,40.8126,-73.999,44.01,49,90,4.61,US,2021-01-18 01:16:36,overcast clouds
635,Westport,41.1415,-73.3579,42.8,61,90,12.66,US,2021-01-18 01:16:36,overcast clouds
636,Khanpur,28.6453,70.6567,50.07,42,0,11.3,PK,2021-01-18 01:16:36,clear sky
637,Nyurba,63.2842,118.3319,-33.99,82,100,4.94,RU,2021-01-18 01:16:37,overcast clouds
638,Haliyal,15.3333,74.7667,62.6,67,0,4.03,IN,2021-01-18 01:16:37,clear sky
639,Isangel,-19.55,169.2667,86.0,79,75,3.6,VU,2021-01-18 01:16:37,broken clouds
640,Ambon,-3.6954,128.1814,77.0,94,40,4.61,ID,2021-01-18 01:16:37,scattered clouds
641,Deniliquin,-35.5333,144.9667,79.0,35,0,10.42,AU,2021-01-18 01:16:37,clear sky
642,Inhambane,-23.865,35.3833,77.94,90,96,8.63,MZ,2021-01-18 01:16:37,moderate rain
643,Rakke,58.9817,26.2544,18.0,98,83,5.5,EE,2021-01-18 01:16:37,broken clouds
644,Chara,56.9064,118.2631,-40.58,61,34,0.38,RU,2021-01-18 01:16:37,scattered clouds
645,Saint-Francois,46.4154,3.9054,36.0,93,90,2.3,FR,2021-01-18 01:16:37,overcast clouds
646,Devils Lake,48.1128,-98.8651,21.2,86,90,3.96,US,2021-01-18 01:16:37,overcast clouds
647,Barrhead,55.7992,-4.3929,44.6,87,75,18.41,GB,2021-01-18 01:16:38,light rain
648,Tanhacu,-14.0214,-41.2481,68.5,83,67,5.48,BR,2021-01-18 01:16:38,broken clouds
649,Hambantota,6.1241,81.1185,71.6,100,20,3.44,LK,2021-01-18 01:16:38,few clouds
650,Farsund,58.0948,6.8047,36.0,94,91,7.72,NO,2021-01-18 01:16:38,overcast clouds
651,Hobyo,5.3505,48.5268,75.33,79,0,13.06,SO,2021-01-18 01:16:38,clear sky
652,Cascais,38.6979,-9.4215,50.0,61,0,5.99,PT,2021-01-18 01:16:38,clear sky
653,Malandag,6.3094,125.2428,75.2,94,90,3.44,PH,2021-01-18 01:16:38,heavy intensity rain
654,Yatou,37.15,122.3833,30.15,87,0,15.9,CN,2021-01-18 01:16:38,clear sky
655,Filingue,14.3521,3.3168,71.11,22,98,7.14,NE,2021-01-18 01:16:39,overcast clouds
656,Mendi,-6.1761,143.6513,72.54,58,100,4.03,PG,2021-01-18 01:16:39,overcast clouds
657,Bandarbeyla,9.4942,50.8122,73.85,74,0,12.37,SO,2021-01-18 01:16:39,clear sky
658,Korsakov,46.6328,142.7813,5.0,78,75,13.42,RU,2021-01-18 01:16:39,snow
659,Kota Kinabalu,5.9749,116.0724,75.2,94,40,3.44,MY,2021-01-18 01:15:36,light rain
660,Lagunas,-5.2269,-75.6753,76.37,89,100,0.54,PE,2021-01-18 01:16:39,overcast clouds
661,Campos Gerais,-21.235,-45.7586,67.68,90,96,4.27,BR,2021-01-18 01:16:39,overcast clouds
662,Ulaanbaatar,47.9077,106.8832,-9.4,77,75,2.24,MN,2021-01-18 01:16:39,broken clouds
663,Roebourne,-20.7833,117.1333,94.8,43,13,10.74,AU,2021-01-18 01:16:39,few clouds
664,Eenhana,-17.4667,16.3333,80.6,50,98,13.8,NA,2021-01-18 01:16:40,overcast clouds
665,Baghdad,33.3406,44.4009,50.0,76,0,5.75,IQ,2021-01-18 01:15:18,clear sky
666,Caucaia,-3.7361,-38.6531,82.4,69,20,11.5,BR,2021-01-18 01:16:40,moderate rain
667,Victor Harbor,-35.5667,138.6167,68.0,83,98,3.0,AU,2021-01-18 01:16:40,overcast clouds
668,Itarema,-2.9248,-39.9167,80.19,77,100,12.15,BR,2021-01-18 01:16:40,overcast clouds
669,Carutapera,-1.195,-46.02,78.26,83,80,6.11,BR,2021-01-18 01:16:40,broken clouds
670,Macamic,48.7502,-78.9996,8.6,78,90,10.36,CA,2021-01-18 01:16:40,light snow
671,Shujaabad,29.8797,71.2931,46.4,81,90,9.22,PK,2021-01-18 01:16:40,mist
672,Katikati,-37.55,175.9167,73.99,50,4,18.99,NZ,2021-01-18 01:16:40,clear sky
673,Diffa,13.3154,12.6113,66.52,32,0,8.72,NE,2021-01-18 01:16:40,clear sky
674,Nuuk,64.1835,-51.7216,24.8,80,90,2.3,GL,2021-01-18 01:14:43,light snow
